{"results_collated":true,"forest_id":0,"majority_vote_match_count":0,"startTimeTrain":16602839520232,"endTimeTrain":16603399934685,"elapsedTimeTrain":560414453,"startTimeTest":16603399991975,"endTimeTest":16604382373688,"elapsedTimeTest":982381713,"errors":53,"correct":976,"accuracy":0.9484936831875608,"error_rate":0.05150631681243922,"total_num_trees":100,"mean_num_nodes_per_tree":20.0,"sd_num_nodes_per_tree":4.256759330758553,"mean_depth_per_tree":6.03,"sd_depth_per_tree":1.1615076409563567,"mean_weighted_depth_per_tree":-1.0,"sd_weighted_depth_per_tree":0.0}