{"results_collated":true,"forest_id":0,"majority_vote_match_count":1,"startTimeTrain":16453794226212,"endTimeTrain":16454372383442,"elapsedTimeTrain":578157230,"startTimeTest":16454372498477,"endTimeTest":16455351181119,"elapsedTimeTest":978682642,"errors":50,"correct":979,"accuracy":0.9514091350826045,"error_rate":0.048590864917395504,"total_num_trees":100,"mean_num_nodes_per_tree":19.0,"sd_num_nodes_per_tree":4.604345773288535,"mean_depth_per_tree":5.83,"sd_depth_per_tree":1.149391143171026,"mean_weighted_depth_per_tree":-1.0,"sd_weighted_depth_per_tree":0.0}